0,1,2,3,4,5
https://theconversation.com/what-to-expect-from-the-next-generation-of-chatbots-openais-gpt-5-and-metas-llama-3-228217,https://pc-tablet.com/metas-discreet-domination-in-the-ai-wearable-market-a-closer-look-at-innovations-and-market-influence/,https://www.business-standard.com/world-news/what-elon-musk-s-pay-package-vote-means-for-his-174-billion-fortune-124041800076_1.html,https://www.hindustantimes.com/business/google-layoffs-sundar-pichais-company-cuts-jobs-globally-moves-roles-to-india-and-mexico-101714616250217.html,https://www.deccanherald.com/india/karnataka/if-elections-are-held-today-congress-wont-cross-50-seats-in-karnataka-lok-sabha-polls-2024-bjp-r-ashoka-3005693,https://nvidianews.nvidia.com/news/nvidia-blackwell-platform-arrives-to-power-a-new-era-of-computing
https://www.indiatoday.in/technology/news/story/openai-chatgpt-5-launch-release-date-upgrades-pricing-and-everything-expected-2530701-2024-04-23,VM2164:2 https://www.forbes.com/sites/timbajarin/2024/04/30/metas-ray-ban-glasses-are-now-ai-enabled-and-better-than-ai-pins/,VM2609:2 https://www.aljazeera.com/news/2024/2/1/why-did-a-court-cancel-elon-musks-tesla-salary-package,VM3059:2 https://www.livemint.com/companies/news/google-cuts-jobs-globally-yet-expands-hiring-in-india-and-mexico-here-is-why-11714610285136.html,VM3503:2 https://www.news18.com/elections/shivamogga-lok-sabha-election-2024-in-this-karnataka-constituency-offsprings-of-2-former-cms-in-the-fray-8876180.html,VM3949:2 https://www.tomshardware.com/pc-components/gpus/nvidias-next-gen-ai-gpu-revealed-blackwell-b200-gpu-delivers-up-to-20-petaflops-of-compute-and-massive-improvements-over-hopper-h100
https://www.windowscentral.com/software-apps/openai-ceo-sam-altman-promises-gpt-5-will-be-smarter-than-gpt-4,VM2164:2 https://nypost.com/2024/05/03/lifestyle/ai-fueled-ray-bans-let-you-live-stream-analyzes-your-world/,VM2609:2 https://www.npr.org/2024/02/09/1229944448/elon-musk-tesla-pay,VM3059:2 https://www.hindustantimes.com/trending/amid-tesla-google-layoffs-iim-ahmedabad-alumnus-questions-quaint-notion-of-dream-companies-101714881443549.html,VM3503:2 https://timesofindia.indiatimes.com/city/bengaluru/lok-sabha-elections-issues-that-could-impact-phase-ii/articleshow/109830659.cms,VM3949:2 https://nvidianews.nvidia.com/news/foundation-model-isaac-robotics-platform
https://readwrite.com/chatgpt-5-release-date-price-and-what-we-know-so-far/,VM2164:2 https://www.theguardian.com/technology/2024/mar/31/wearable-ai-smartphones-fashion-ai-pin-rabbit-r1-meta-smart-glasses-pendant-tab,VM2609:2 https://indianexpress.com/article/explained/explained-global/elon-musk-pay-package-drummer-9141259/,VM3059:2 https://m.economictimes.com/nri/latest-updates/tech-giants-amazon-google-suspend-green-card-applications-amid-layoffs/articleshow/109819161.cms,VM3503:2 https://www.livemint.com/politics/news/lok-sabha-elections-2024-will-prajwal-revanna-sex-scandal-impact-bjp-jd-s-prospects-in-phase-3-polling-in-karnataka-11714633717467.html,VM3949:2 https://nvidianews.nvidia.com/news/generative-ai-microservices-for-developers
https://indianexpress.com/article/technology/artificial-intelligence/openai-gpt-5-release-few-months-9224982/,VM2164:2 https://timesofindia.indiatimes.com/technology/wearables/meta-ray-ban-smart-glasses-may-get-new-ai-features-next-month-what-it-means-for-users/articleshow/108879915.cms,VM2609:2 https://www.jagranjosh.com/general-knowledge/elon-musk-net-worth-1673268956-1,VM3059:2 https://timesofindia.indiatimes.com/technology/tech-news/google-cuts-jobs-in-core-team-what-top-executives-told-employees-in-town-hall-and-internal-memos/articleshow/109763129.cms,VM3503:2 https://www.freepressjournal.in/india/lok-sabha-election-2024-haveri-constituency-in-karnataka-candidates-parties-past-results-winners-losers-vote-shares,VM3949:2 https://nvidianews.nvidia.com/news/microsoft-nvidia-generative-ai-enterprises
https://www.hindustantimes.com/business/openais-sam-altman-to-roll-out-amazing-new-model-gpt-5-what-report-claims-101714125809005.html,VM2164:2 https://pc-tablet.co.in/metas-latest-leap-ray-ban-smart-glasses-enhanced-with-ai-to-understand-surroundings/18174/,VM2609:2 https://www.livemint.com/companies/people/a-60-plus-billion-pay-package-musk-gives-tesla-s-board-a-nightmare-task-11705498540609.html,VM3059:2 https://www.businesstoday.in/technology/news/story/google-layoffs-hundreds-of-core-employees-fired-some-positions-being-moved-to-india-427880-2024-05-02,VM3503:2 https://m.economictimes.com/news/india/lok-sabha-elections-2024-ec-holds-voters-awareness-programme-in-karnatakas-belagavi-using-hot-air-balloons/videoshow/109776899.cms,VM3949:2 https://www.thehindubusinessline.com/news/science/iit-madras-brain-research-work-finds-a-mention-in-nvidia-gtc/article67975061.ece
https://www.pymnts.com/artificial-intelligence-2/2024/is-gpt-5-on-the-horizon-experts-ponder-openais-next-chatbot-possibilities/,VM2164:2 https://www.theverge.com/2024/4/23/24138090/ray-ban-meta-smart-glasses-ai-wearables,VM2609:2 https://www.reuters.com/legal/judge-rules-favor-plaintiffs-challenging-musks-tesla-pay-package-2024-01-30/,VM3059:2 https://m.economictimes.com/tech/technology/google-lays-off-at-least-200-employees-from-its-core-teams-report/articleshow/109778833.cms,VM3503:2 https://www.deccanherald.com/elections/india/in-north-karnataka-parties-woo-castes-with-quota-promise-3005726,VM3949:2 https://embeddedcomputing.com/technology/software-and-os/os-filesystems-libraries/concurrent-real-times-redhawk-linux-earns-best-in-show-at-2024-nvidia-gtc-ai-conference-and-expo
https://www.benzinga.com/news/24/05/38611412/sam-altman-teases-gpt-5-openais-gpt-4-the-dumbest-model-people-will-have-to-ever-use-again-says-ceo,VM2164:2 https://www.cnet.com/tech/mobile/humane-ai-hands-on-my-life-so-far-with-a-wearable-ai-pin/,VM2609:2 https://www.forbes.com/sites/petercohan/2024/01/31/after-adding-550-billion-to-teslas-value-court-cancels-elon-musks--558-billion-pay-deal/,VM3059:2 https://www.indiatoday.in/business/story/google-layoffs-jobs-cut-google-core-team-employees-fired-2534214-2024-05-02,VM3503:2 https://vijaykarnataka.com/news/india/lok-sabha-election-2024-live-updates-3rd-may-latest-news-and-highlights-karnataka-campaign/liveblog/109800397.cms,VM3949:2 https://nvidianews.nvidia.com/news/see-the-future-at-gtc-2024-nvidias-jensen-huang-to-unveil-latest-breakthroughs-in-accelerated-computing-generative-aiand-robotics
https://www.digit.in/news/general/openais-gpt-5-will-evolve-with-you-says-sam-altman.html,VM2164:2 https://www.gadgets360.com/wearables/news/ray-ban-meta-smart-glasses-ai-multimodal-features-upgrade-5511114,VM2609:2 https://www.cnbctv18.com/business/companies/tesla-stock-lawyers-on-elon-musk-pay-package-seek-over-usd-5-billion-19185301.htm,,VM3503:2 https://www.livemint.com/politics/news/lok-sabha-elections-2024-rahul-gandhi-campaigns-in-karnataka-today-amid-suspense-over-congresss-amethi-candidate-11714617275552.html,VM3949:2 https://www.spiceworks.com/tech/hardware/articles/what-to-expect-nvidia-gtc-2024/
https://timesofindia.indiatimes.com/technology/tech-news/chatgpt-maker-openai-faces-privacy-complaint-in-eu-for-its-hallucination-problem/articleshow/109788186.cms,VM2164:2 https://cointelegraph.com/news/mark-zuckerberg-meta-wearables-read-brain-signals-coming-soon,VM2609:2 https://www.livelaw.in/more/international/delaware-court-ruling-elon-musk-tesla-pay-package-an-inappropriate-sum-248259,,VM3503:2 https://www.deccanherald.com/elections/india/lok-sabha-elections-2024-fishermen-in-karnatakas-honnavar-claim-port-firm-bought-poll-bonds-to-boycott-polls-3003967,VM3949:2 https://www.siemens.com/global/en/company/insights/siemens-and-nvidia-bringing-the-real-and-digital-worlds-together.html
